{"current":{"color_body_bg":"#ffffff","color_body_text":"#1d1c1c","color_borders":"#1d1c1c","color_button":"#e6d0d0","color_button_text":"#1d1c1c","color_sale_price":"#1d1c1c","color_sale_tag":"#e6d0d0","color_sale_tag_text":"#1d1c1c","color_cart_dot":"#1d1c1c","color_header":"#ffffff","color_header_text":"#1d1c1c","color_announcement":"#ffffff","color_announcement_text":"#1d1c1c","color_footer":"#ffffff","color_footer_text":"#1c1d1d","color_drawer_background":"#ffffff","color_drawer_text":"#1d1c1c","color_drawer_border":"#000000","color_drawer_button":"#e6d0d0","color_drawer_button_text":"#1d1c1c","color_modal_overlays":"#1d1c1c","color_image_text":"#1d1c1c","color_image_2":"#ffffff","color_image_2_opacity":0,"color_image_1":"#ffffff","color_image_1_opacity":0,"color_small_image_bg":"#ffffff","color_large_image_bg":"#ffffff","type_header_font_family":"cormorant_n4","type_header_spacing":"0","type_header_base_size":27,"type_header_line_height":1,"type_header_accent_transform":true,"type_base_font_family":"serif","type_base_spacing":"0","type_base_size":14,"type_base_line_height":1.1,"type_base_accent_transform":true,"icon_weight":"4px","icon_linecaps":"miter","animate_page_transitions":true,"animate_page_transition_style":"page-slow-fade","animate_sections":true,"animate_sections_background_style":"zoom-fade","animate_sections_text_style":"rise-up","animate_images":true,"animate_images_style":"zoom-fade","animate_buttons":true,"animate_underlines":true,"vendor_enable":false,"quick_shop_enable":false,"quick_shop_text":"Quick view","product_hover_image":true,"product_grid_image_size":"natural","product_content_1":"","product_contact":false,"enable_product_reviews":false,"cart_type":"drawer","cart_icon":"bag","social_facebook_link":"animalieshop.com","social_instagram_link":"animalieshop.com","share_facebook":true,"share_twitter":true,"share_pinterest":true,"favicon":"shopify:\/\/shop_images\/92C5595C-2036-4FCA-ADE2-466F83EEBCE2.png","search_enable":true,"show_breadcrumbs":false,"checkout_header_image":"","checkout_logo_position":"center","checkout_logo_size":"large","checkout_body_background_image":"","checkout_body_background_color":"#ffffff","checkout_input_background_color_mode":"transparent","checkout_sidebar_background_image":"","checkout_sidebar_background_color":"#ffffff","checkout_heading_font":"Helvetica Neue","checkout_body_font":"Helvetica Neue","checkout_accent_color":"#111111","checkout_button_color":"#e6d0d0","checkout_error_color":"#ff6d6d","color_image_bg":"#000000","breadcrumb":true,"color_input":"#ffffff","checkout_banner_background_color":"#ffffff","checkout_call_to_action_color":"#a26b25","checkout_use_header_image":false,"sections":{"header":{"type":"header","blocks":{"a23b6b30-1e7c-4694-a057-95e88e4844de":{"type":"logo","settings":{"logo":"shopify:\/\/shop_images\/92C5595C-2036-4FCA-ADE2-466F83EEBCE2.png","desktop_logo_width":160,"mobile_logo_width":90}}},"block_order":["a23b6b30-1e7c-4694-a057-95e88e4844de"],"settings":{"main_menu_link_list":"main-menu","main_menu_alignment":"center-drawer","header_style":"normal","sticky_index":true,"sticky_collection":false,"type_navigation_size":15,"type_navigation_style":true,"show_announcement":true,"announcement_text":"Free shipping for order $75","announcement_link":"shopify:\/\/collections","announcement_closable":false}},"footer":{"type":"footer","blocks":{"1494301487049":{"type":"menu","disabled":true,"settings":{"show_footer_title":true,"menu":"main-menu","container_width":24}},"1494292481350":{"type":"logo_social","disabled":true,"settings":{"desktop_logo_height":50,"container_width":20}},"1494292487693":{"type":"newsletter","settings":{"show_footer_title":true,"title":"Sign up and save","richtext":"<p>Subscribe to get special offers, free giveaways, and once-in-a-lifetime deals.<\/p>","container_width":95}},"1494292485313":{"type":"menu","settings":{"show_footer_title":true,"menu":"","container_width":20}}},"block_order":["1494301487049","1494292481350","1494292487693","1494292485313"],"settings":{"show_locale_selector":true,"show_currency_selector":false,"show_currency_flags":true,"show_payment_icons":true,"show_copyright":true,"copyright_text":"All Rights Reserved"}},"collection-template":{"type":"collection-template","settings":{"per_row":4,"collection_image_enable":false,"parallax":false,"description_position":"top","collection_subnav_style":"inline","collection_tags_style":"none","collection_sort_enable":false}},"product-template":{"type":"product-template","settings":{"description_style":"default","social_enable":true,"image_size":"small","thumbnail_position":"beside","thumbnail_arrows":false,"enable_video_looping":true,"product_video_style":"muted"}},"article-template":{"type":"article-template","settings":{"blog_show_tags":true,"blog_show_date":true,"blog_show_comments":true,"blog_show_author":false,"social_sharing_blog":true}},"blog-template":{"type":"blog-template","settings":{"blog_show_tag_filter":true,"blog_show_rss":false,"blog_show_tags":true,"blog_show_date":true,"blog_show_comments":true,"blog_show_author":false}},"1499789718857":{"type":"featured-collections","blocks":{"1499789718857-0":{"type":"collection","disabled":true,"settings":{"collection":"meilleure-vente","focal_point":"center center","size":"square-small"}},"1499789718857-1":{"type":"collection","settings":{"collection":"colier","focal_point":"center center","size":"square-small"}},"1499789718857-2":{"type":"collection","settings":{"collection":"sale","focal_point":"center center","size":"square-small"}},"37b69fcd-f125-4680-99cd-ce05c9a94ff9":{"type":"collection","settings":{"collection":"vetements","focal_point":"center center","size":"square-small"}},"1499789718857-3":{"type":"collection","settings":{"collection":"harnais","focal_point":"center center","size":"square-small"}},"1499789718857-4":{"type":"collection","settings":{"collection":"jouets","focal_point":"center center","size":"square-small"}}},"block_order":["1499789718857-0","1499789718857-1","1499789718857-2","37b69fcd-f125-4680-99cd-ce05c9a94ff9","1499789718857-3","1499789718857-4"],"settings":{"title":"All collections","divider":true,"enable_gutter":true}},"1499790633921":{"type":"background-image-text","disabled":true,"settings":{"subtitle":"","title":"Home of pet toy","text":"<p>For dogs and other pets, toys are not a luxury, but a necessity. Toys are important to your dog's well-being.<\/p>","button_label":"SHOP NOW","button_link":"shopify:\/\/collections\/jouets","image":"shopify:\/\/shop_images\/41D8A96D-FE92-4B92-B5A5-F54C26E46787.jpg","focal_point":"center","color_border":"#f7f1f1","layout":"left","height":450,"parallax":true}},"1499790731541":{"type":"collection-callout","disabled":true,"settings":{"collection":"vetements","subtitle":"","title":"Clothes and Bags","text":"Your number one pet wears tested and trusted.","cta_text1":"SHOP NOW","cta_link1":"shopify:\/\/collections\/vetements","cta_text2":"","cta_link2":"","layout":"right","divider":false}},"product-sections-template":{"type":"product-sections-template","blocks":{"product-image-row":{"type":"image-row","settings":{}},"product-text-and-image":{"type":"text-and-image","settings":{}},"product-background-image-text":{"type":"background-image-text","settings":{"layout":"right"}},"product-text-columns":{"type":"text-columns","settings":{}},"product-hero-video":{"type":"hero-video","settings":{}}},"block_order":["product-image-row","product-text-and-image","product-background-image-text","product-text-columns","product-hero-video"],"settings":{}},"page-sections-template":{"type":"page-sections-template","blocks":{"page-fading-images":{"type":"fading-images","settings":{}},"page-rich-text":{"type":"rich-text","settings":{"title":"","enlarge_text":true}},"page-text-columns":{"type":"text-columns","settings":{}},"page-background-image-text":{"type":"background-image-text","settings":{"layout":"right"}},"page-featured-collection":{"type":"featured-collection","settings":{}}},"block_order":["page-fading-images","page-rich-text","page-text-columns","page-background-image-text","page-featured-collection"],"settings":{}},"newsletter-popup":{"type":"newsletter-popup","settings":{"mode":"disabled","popup_seconds":5,"popup_days":10,"popup_title":"PROMOTION","popup_text":"<p>Get 15% off your first order <\/p><p>Promo code: PC15<\/p>","close_text":"","enable_newsletter":false,"button_label":"SHOP NOW","button_link":"shopify:\/\/collections\/all","enable_button":true}},"c4f6e23f-7568-40f5-8546-43b9789485c8":{"type":"slideshow","blocks":{"ef1170fb-97a4-4f68-93ad-b371b1dea876":{"type":"image","settings":{"title":"Animalieshop\nPet supplies","title_size":54,"subheading":"welcome","link":"shopify:\/\/collections\/all","link_text":"SHOP NOW","text_align":"vertical-bottom horizontal-center","image":"shopify:\/\/shop_images\/BB8C8B9B-8FCC-4A62-A1DE-0D8460A01A52.jpg","focal_point":"top center"}},"c4f6e23f-7568-40f5-8546-43b9789485c8-16650627798543b721-0":{"type":"image","disabled":true,"settings":{"title":"ANIMALIESHOP\nPet Supplies","title_size":40,"subheading":"WELCOME","link":"shopify:\/\/collections","link_text":"SHOP NOW","text_align":"vertical-center horizontal-center","image":"shopify:\/\/shop_images\/133D19FC-E7A3-4E94-9E6B-8FFCA3709B27.png","focal_point":"center center"}}},"block_order":["ef1170fb-97a4-4f68-93ad-b371b1dea876","c4f6e23f-7568-40f5-8546-43b9789485c8-16650627798543b721-0"],"settings":{"section_height":"450px","mobile_height":"250px","parallax":false,"style":"dots","autoplay":false,"autoplay_speed":5}},"66db5d3b-1139-41cb-86dc-57442491f62d":{"type":"featured-collection","settings":{"title":"Pet Bed","home_featured_products":"sale","per_row":4,"rows":1,"view_all":true,"divider":false}},"3812fbf3-3dfe-402b-be63-44a6970e189e":{"type":"featured-collection","settings":{"title":"Clothes and Bags","home_featured_products":"vetements","per_row":4,"rows":1,"view_all":true,"divider":false}},"893625f2-1be9-4c94-88e4-3b195245071b":{"type":"featured-collection","settings":{"title":"Pet collars collections","home_featured_products":"colier","per_row":4,"rows":1,"view_all":false,"divider":false}},"f92e44dc-0685-401e-b796-550bacc4bf28":{"type":"featured-collection","disabled":true,"settings":{"title":"Pet harness","home_featured_products":"harnais","per_row":4,"rows":1,"view_all":true,"divider":false}},"2a89912c-d06d-4bca-ba8e-b9e0c9e8928c":{"type":"featured-collection","disabled":true,"settings":{"title":"Pet toys","home_featured_products":"jouets","per_row":4,"rows":1,"view_all":false,"divider":false}},"0c90ded8-03b4-4ddb-85a4-6848f0dee115":{"type":"testimonials","blocks":{"0c90ded8-03b4-4ddb-85a4-6848f0dee115-1675246129a449661e-0":{"type":"testimonial","settings":{"testimonial":"<p>l would recommend them and the company without any reservations. They present what they offer.<\/p>","author":"Antony"}},"0c90ded8-03b4-4ddb-85a4-6848f0dee115-1675246129a449661e-1":{"type":"testimonial","settings":{"testimonial":"<p>item as exactly as described, very quick to ship, and good communication from the seller.<\/p>","author":"Sandra"}},"0c90ded8-03b4-4ddb-85a4-6848f0dee115-1675246129a449661e-2":{"type":"testimonial","settings":{"testimonial":"<p>Great service at a good price, bought a few stuff and have never been disappointed.<\/p>","author":"Sharon"}}},"block_order":["0c90ded8-03b4-4ddb-85a4-6848f0dee115-1675246129a449661e-0","0c90ded8-03b4-4ddb-85a4-6848f0dee115-1675246129a449661e-1","0c90ded8-03b4-4ddb-85a4-6848f0dee115-1675246129a449661e-2"],"settings":{"title":"Our happy customers","align_text":"left","round_images":false,"divider":false}},"product-recommendations":{"type":"product-recommendations","settings":{"show_product_recommendations":true,"product_recommendations_heading":"You may also like","related_count":5}},"product-collection-links":{"type":"product-collection-links","settings":{"collection_links_enable":true}},"alireviews-widget-461195":{"type":"alireviews-widget-461195","settings":{}},"list-collections-template":{"type":"list-collections-template","settings":{"title_enable":true,"display_type":"all","sort":"alphabetical","grid":"3"}}},"content_for_index":["c4f6e23f-7568-40f5-8546-43b9789485c8","1499789718857","66db5d3b-1139-41cb-86dc-57442491f62d","1499790731541","3812fbf3-3dfe-402b-be63-44a6970e189e","1499790633921","893625f2-1be9-4c94-88e4-3b195245071b","f92e44dc-0685-401e-b796-550bacc4bf28","2a89912c-d06d-4bca-ba8e-b9e0c9e8928c","0c90ded8-03b4-4ddb-85a4-6848f0dee115"],"blocks":{"13392549970259155148":{"type":"shopify:\/\/apps\/xo-insert-code\/blocks\/insert-code-header\/72017b12-3679-442e-b23c-5c62460717f5","disabled":false,"settings":{"custom_liquid":"","custom_css":"","custom_js":""}},"15154131639906026026":{"type":"shopify:\/\/apps\/seo-image-optimizer-speed\/blocks\/broken-link-embed\/0605268f-f7c4-4e95-b560-e43df7d59ae4","disabled":true,"settings":{}},"10148494829067693542":{"type":"shopify:\/\/apps\/xo-insert-code\/blocks\/insert-code-body\/72017b12-3679-442e-b23c-5c62460717f5","disabled":false,"settings":{"custom_liquid":"<meta name=\"facebook-domain-verification\" content=\"fqksmorsj2rfo3jrf9q4j0pkdsn5yt\" \/>","custom_css":"","custom_js":""}}}},"presets":{"Classic":{"color_borders":"#e8e8e1","color_button":"#111111","color_button_text":"#ffffff","color_drawer_background":"#ffffff","color_drawer_text":"#000000","color_drawer_border":"#e8e8e1","color_drawer_button":"#111111","color_drawer_button_text":"#ffffff","color_footer":"#111111","color_footer_text":"#ffffff","color_image_1":"#000000","color_image_1_opacity":62,"color_image_2":"#000000","color_image_2_opacity":0,"color_small_image_bg":"#ffffff","color_large_image_bg":"#111111","type_header_spacing":"0","type_header_font_family":"itc_avant_garde_gothic_n7","type_header_base_size":35,"type_header_line_height":1.2,"type_header_accent_transform":true,"type_base_font_family":"futura_n4","type_base_spacing":"25","type_base_size":17,"type_base_line_height":1.6,"type_base_accent_transform":true,"icon_weight":"4px","icon_linecaps":"miter","animate_page_transitions":true,"animate_page_transition_style":"page-slow-fade","animate_sections":true,"animate_sections_background_style":"zoom-fade","animate_sections_text_style":"rise-up","animate_images":true,"animate_images_style":"zoom-fade","animate_buttons":true,"animate_underlines":true,"quick_shop_text":"Quick view","cart_type":"drawer","share_facebook":true,"share_twitter":true,"share_pinterest":true,"checkout_header_image":"","checkout_logo_image":"","checkout_logo_position":"left","checkout_logo_size":"medium","checkout_body_background_image":"","checkout_body_background_color":"#ffffff","checkout_input_background_color_mode":"white","checkout_sidebar_background_image":"","checkout_sidebar_background_color":"#fafafa","checkout_heading_font":"Helvetica Neue","checkout_body_font":"Helvetica Neue","checkout_accent_color":"#111111","checkout_button_color":"#111111","checkout_error_color":"#ff6d6d","color_image_bg":"#000000","breadcrumb":true,"color_input":"#ffffff","checkout_banner_background_color":"#ffffff","checkout_call_to_action_color":"#a26b25","checkout_use_header_image":false,"sections":{"header":{"type":"header","settings":{"main_menu_link_list":"main-menu","sticky_index":true,"sticky_collection":false,"show_announcement":true}},"footer":{"type":"footer","blocks":{"1494292481350":{"type":"logo_social","settings":{"container_width":20}},"1494292485313":{"type":"menu","settings":{"menu":"main-menu","container_width":20}},"1494292487693":{"type":"newsletter","settings":{"container_width":33}},"1494301487049":{"type":"menu","settings":{"menu":"footer","container_width":20}}},"block_order":["1494292481350","1494301487049","1494292485313","1494292487693"],"settings":{"show_payment_icons":false}},"collection-template":{"type":"collection-template","settings":{"per_row":4,"collection_image_enable":true,"collection_sort_enable":false}},"product-template":{"type":"product-template","settings":{"social_enable":true,"image_size":"medium"}},"article-template":{"type":"article-template","settings":{"blog_show_tags":true,"blog_show_date":true,"blog_show_comments":true,"blog_show_author":false,"social_sharing_blog":true}},"1498163293234":{"type":"featured-content","settings":{"divider":false}},"1498501481980":{"type":"fading-images","blocks":{"1498501481980-0":{"type":"image","settings":{"image":"","focal_point":"center center","slide_title1":"Beautifully animated","slide_title2":"titles and images"}},"1498501481980-1":{"type":"image","settings":{"image":"","focal_point":"center center","slide_title1":"Use this section","slide_title2":"to impress"}},"1498501481980-2":{"type":"image","settings":{"image":"","focal_point":"center center","slide_title1":"And highlight","slide_title2":"important details"}}},"block_order":["1498501481980-0","1498501481980-1","1498501481980-2"],"settings":{"slide_speed":5,"color_overlay":"#000000","color_overlay_opacity":30}},"blog-template":{"type":"blog-template","settings":{"blog_show_tag_filter":true,"blog_show_rss":false,"blog_show_tags":true,"blog_show_date":true,"blog_show_comments":true,"blog_show_author":false}},"1566999869051":{"type":"featured-collection-switcher","settings":{}},"1499789718857":{"type":"featured-collections","blocks":{"1499789718857-0":{"type":"collection","settings":{"collection":"","size":"wide"}},"1499789718857-1":{"type":"collection","settings":{"collection":"","size":"square-small"}},"1499789718857-2":{"type":"collection","settings":{"collection":"","size":"square-small"}},"1499789718857-3":{"type":"collection","settings":{"collection":"","size":"square-small"}},"1499789718857-4":{"type":"collection","settings":{"collection":"","size":"square-small"}},"1499789718857-5":{"type":"collection","settings":{"collection":"","size":"wide"}}},"block_order":["1499789718857-0","1499789718857-1","1499789718857-2","1499789718857-3","1499789718857-4","1499789718857-5"],"settings":{"title":"","divider":false}},"1499790529450":{"type":"hero-video","settings":{"title":"Bring your\nbrand to life.","title_size":80,"subheading":"Seamless hero videos","link_text":"","link":"","video_url":"https:\/\/www.youtube.com\/watch?v=_9VUPq3SxOc","section_height":"650px"}},"1499790633921":{"type":"background-image-text","settings":{"subtitle":"Impressive","title":"Large image and text","text":"<p>Pair large text with a full-width image to draw attention to an important detail of your brand or product line.<\/p>","button_label":"","button_link":"","image":"","color_border":"#f4f4f4","layout":"left","height":650}},"1499790731541":{"type":"collection-callout","settings":{"collection":"","subtitle":"Brand new","title":"Collection callout","text":"Use this section to easily call attention to one of your collections. We'll show photos of the first 5 products.","cta_text1":"Shop Jackets","cta_link1":"","cta_text2":"Shop All","cta_link2":"","divider":false}},"1499790782828":{"type":"text-columns","blocks":{"1499790782828-0":{"type":"text_block","settings":{"enable_image":true,"image":"","title":"Example title","text":"<p>Use this section to explain a set of product features, to link to a series of pages, or to answer common questions about your products. Add images for emphasis.<\/p>","button_label":"","button_link":""}},"1499790782828-1":{"type":"text_block","settings":{"enable_image":true,"image":"","title":"Example title","text":"<p>Use this section to explain a set of product features, to link to a series of pages, or to answer common questions about your products. Add images for emphasis.<\/p>","button_label":"","button_link":""}},"1499790782828-2":{"type":"text_block","settings":{"enable_image":true,"image":"","title":"Example title","text":"<p>Use this section to explain a set of product features, to link to a series of pages, or to answer common questions about your products. Add images for emphasis.<\/p>","button_label":"","button_link":""}}},"block_order":["1499790782828-0","1499790782828-1","1499790782828-2"],"settings":{"title":"","divider":false}},"product-sections-template":{"type":"product-sections-template","blocks":{"product-image-row":{"type":"image-row","settings":{}},"product-text-and-image":{"type":"text-and-image","settings":{}},"product-background-image-text":{"type":"background-image-text","settings":{"layout":"right"}},"product-text-columns":{"type":"text-columns","settings":{}},"product-hero-video":{"type":"hero-video","settings":{}}},"block_order":["product-image-row","product-text-and-image","product-background-image-text","product-text-columns","product-hero-video"],"settings":{}},"page-sections-template":{"type":"page-sections-template","blocks":{"page-fading-images":{"type":"fading-images","settings":{}},"page-rich-text":{"type":"rich-text","settings":{"title":"","enlarge_text":true}},"page-text-columns":{"type":"text-columns","settings":{}},"page-background-image-text":{"type":"background-image-text","settings":{"layout":"right"}},"page-featured-collection":{"type":"featured-collection","settings":{}}},"block_order":["page-fading-images","page-rich-text","page-text-columns","page-background-image-text","page-featured-collection"],"settings":{}}},"content_for_index":["1499790529450","1566999869051","1498163293234","1499789718857","1498501481980","1499790731541","1499790633921","1499790782828"]},"Elegant":{"color_borders":"#e8e8e1","color_button":"#353956","color_button_text":"#ffffff","color_footer":"#17172c","color_footer_text":"#ffffff","color_drawer_background":"#ffffff","color_drawer_text":"#17172c","color_drawer_border":"#e8e8e1","color_drawer_button":"#353956","color_drawer_button_text":"#ffffff","color_modal_overlays":"#17172c","color_image_2":"#17172c","color_image_2_opacity":0,"color_image_1":"#17172c","color_image_1_opacity":32,"color_small_image_bg":"#f4f4f4","color_large_image_bg":"#17172c","type_header_spacing":"0","type_header_font_family":"bauer_bodoni_n7","type_header_base_size":42,"type_header_line_height":1.3,"type_base_font_family":"futura_n4","type_base_spacing":"25","type_base_size":17,"type_base_line_height":1.6,"icon_weight":"3px","icon_linecaps":"miter","animate_page_transitions":true,"animate_page_transition_style":"page-slow-fade","animate_sections":true,"animate_sections_background_style":"zoom-fade","animate_sections_text_style":"rise-up","animate_images":true,"animate_images_style":"zoom-fade","animate_buttons":true,"animate_underlines":true,"quick_shop_text":"Quick view","cart_type":"drawer","share_facebook":true,"share_twitter":true,"share_pinterest":true,"checkout_header_image":"","checkout_logo_image":"","checkout_logo_position":"left","checkout_logo_size":"medium","checkout_body_background_image":"","checkout_body_background_color":"#ffffff","checkout_input_background_color_mode":"white","checkout_sidebar_background_image":"","checkout_sidebar_background_color":"#fafafa","checkout_heading_font":"Helvetica Neue","checkout_body_font":"Helvetica Neue","checkout_accent_color":"#111111","checkout_button_color":"#111111","checkout_error_color":"#ff6d6d","color_image_bg":"#000000","breadcrumb":true,"color_input":"#ffffff","checkout_banner_background_color":"#ffffff","checkout_call_to_action_color":"#a26b25","checkout_use_header_image":false,"sections":{"header":{"type":"header","settings":{"main_menu_link_list":"main-menu","sticky_index":true,"sticky_collection":false,"show_announcement":true}},"footer":{"type":"footer","blocks":{"1494292481350":{"type":"logo_social","settings":{"container_width":20}},"1494292485313":{"type":"menu","settings":{"menu":"main-menu","container_width":20}},"1494292487693":{"type":"newsletter","settings":{"container_width":33}},"1494301487049":{"type":"menu","settings":{"menu":"footer","container_width":20}}},"block_order":["1494292481350","1494301487049","1494292485313","1494292487693"],"settings":{"show_payment_icons":false}},"collection-template":{"type":"collection-template","settings":{"per_row":4,"collection_image_enable":true,"collection_sort_enable":false}},"product-template":{"type":"product-template","settings":{"social_enable":true,"image_size":"medium"}},"article-template":{"type":"article-template","settings":{"blog_show_tags":true,"blog_show_date":true,"blog_show_comments":true,"blog_show_author":false,"social_sharing_blog":true}},"1498163293234":{"type":"featured-content","settings":{"divider":false}},"1498501481980":{"type":"fading-images","blocks":{"1498501481980-0":{"type":"image","settings":{"image":"","focal_point":"center center","slide_title1":"Beautifully animated","slide_title2":"titles and images"}},"1498501481980-1":{"type":"image","settings":{"image":"","focal_point":"center center","slide_title1":"Use this section","slide_title2":"to impress"}},"1498501481980-2":{"type":"image","settings":{"image":"","focal_point":"center center","slide_title1":"And highlight","slide_title2":"important details"}}},"block_order":["1498501481980-0","1498501481980-1","1498501481980-2"],"settings":{"slide_speed":5,"color_overlay":"#000000","color_overlay_opacity":30}},"blog-template":{"type":"blog-template","settings":{"blog_show_tag_filter":true,"blog_show_rss":false,"blog_show_tags":true,"blog_show_date":true,"blog_show_comments":true,"blog_show_author":false}},"1566999869051":{"type":"featured-collection-switcher","settings":{}},"1499789718857":{"type":"featured-collections","blocks":{"1499789718857-0":{"type":"collection","settings":{"collection":"","size":"wide"}},"1499789718857-1":{"type":"collection","settings":{"collection":"","size":"square-small"}},"1499789718857-2":{"type":"collection","settings":{"collection":"","size":"square-small"}},"1499789718857-3":{"type":"collection","settings":{"collection":"","size":"square-small"}},"1499789718857-4":{"type":"collection","settings":{"collection":"","size":"square-small"}},"1499789718857-5":{"type":"collection","settings":{"collection":"","size":"wide"}}},"block_order":["1499789718857-0","1499789718857-1","1499789718857-2","1499789718857-3","1499789718857-4","1499789718857-5"],"settings":{"title":"","divider":false}},"1499790529450":{"type":"hero-video","settings":{"title":"Bring your\nbrand to life.","title_size":80,"subheading":"Seamless hero videos","link_text":"","link":"","video_url":"https:\/\/www.youtube.com\/watch?v=_9VUPq3SxOc","section_height":"650px"}},"1499790633921":{"type":"background-image-text","settings":{"subtitle":"Impressive","title":"Large image and text","text":"<p>Pair large text with a full-width image to draw attention to an important detail of your brand or product line.<\/p>","button_label":"","button_link":"","image":"","color_border":"#f4f4f4","layout":"left","height":650}},"1499790731541":{"type":"collection-callout","settings":{"collection":"","subtitle":"Brand new","title":"Collection callout","text":"Use this section to easily call attention to one of your collections. We'll show photos of the first 5 products.","cta_text1":"Shop Jackets","cta_link1":"","cta_text2":"Shop All","cta_link2":"","divider":false}},"1499790782828":{"type":"text-columns","blocks":{"1499790782828-0":{"type":"text_block","settings":{"enable_image":true,"image":"","title":"Example title","text":"<p>Use this section to explain a set of product features, to link to a series of pages, or to answer common questions about your products. Add images for emphasis.<\/p>","button_label":"","button_link":""}},"1499790782828-1":{"type":"text_block","settings":{"enable_image":true,"image":"","title":"Example title","text":"<p>Use this section to explain a set of product features, to link to a series of pages, or to answer common questions about your products. Add images for emphasis.<\/p>","button_label":"","button_link":""}},"1499790782828-2":{"type":"text_block","settings":{"enable_image":true,"image":"","title":"Example title","text":"<p>Use this section to explain a set of product features, to link to a series of pages, or to answer common questions about your products. Add images for emphasis.<\/p>","button_label":"","button_link":""}}},"block_order":["1499790782828-0","1499790782828-1","1499790782828-2"],"settings":{"title":"","divider":false}}},"content_for_index":["1499790529450","1566999869051","1498163293234","1499789718857","1498501481980","1499790731541","1499790633921","1499790782828"]},"Minimal":{"color_borders":"#f0f1f3","color_button":"#111111","color_button_text":"#ffffff","color_footer":"#f0f1f3","color_footer_text":"#2c2c2c","color_drawer_background":"#ffffff","color_drawer_text":"#000000","color_drawer_border":"#f0f1f3","color_drawer_button":"#111111","color_drawer_button_text":"#ffffff","color_modal_overlays":"#aeb1b8","color_image_2":"#000000","color_image_2_opacity":0,"color_image_1":"#000000","color_image_1_opacity":26,"color_small_image_bg":"#ffffff","color_large_image_bg":"#dedfe1","type_header_spacing":"50","type_header_font_family":"chivo_n7","type_header_base_size":34,"type_header_line_height":1.2,"type_header_accent_transform":true,"type_base_font_family":"neuzeit_office_n4","type_base_spacing":"25","type_base_size":16,"type_base_line_height":1.6,"type_base_accent_transform":true,"icon_weight":"2px","icon_linecaps":"round","animate_page_transitions":true,"animate_page_transition_style":"page-slide-reveal-down","animate_sections":true,"animate_sections_background_style":"zoom-fade","animate_sections_text_style":"rise-up","animate_images":true,"animate_images_style":"fade-in","animate_buttons":true,"animate_underlines":true,"quick_shop_text":"Quick view","cart_type":"drawer","share_facebook":true,"share_twitter":true,"share_pinterest":true,"checkout_header_image":"","checkout_logo_image":"","checkout_logo_position":"left","checkout_logo_size":"medium","checkout_body_background_image":"","checkout_body_background_color":"#ffffff","checkout_input_background_color_mode":"white","checkout_sidebar_background_image":"","checkout_sidebar_background_color":"#fafafa","checkout_heading_font":"Helvetica Neue","checkout_body_font":"Helvetica Neue","checkout_accent_color":"#111111","checkout_button_color":"#111111","checkout_error_color":"#ff6d6d","color_image_bg":"#000000","breadcrumb":true,"color_input":"#ffffff","checkout_banner_background_color":"#ffffff","checkout_call_to_action_color":"#a26b25","checkout_use_header_image":false,"sections":{"header":{"type":"header","settings":{"main_menu_link_list":"main-menu","sticky_index":false,"sticky_collection":false,"show_announcement":true}},"footer":{"type":"footer","blocks":{"1494292481350":{"type":"logo_social","settings":{"container_width":20}},"1494292485313":{"type":"menu","settings":{"menu":"main-menu","container_width":20}},"1494292487693":{"type":"newsletter","settings":{"container_width":33}},"1494301487049":{"type":"menu","settings":{"menu":"footer","container_width":20}}},"block_order":["1494292481350","1494301487049","1494292485313","1494292487693"],"settings":{"show_payment_icons":false}},"collection-template":{"type":"collection-template","settings":{"per_row":4,"collection_image_enable":true,"collection_sort_enable":false}},"product-template":{"type":"product-template","settings":{"social_enable":true,"image_size":"medium"}},"article-template":{"type":"article-template","settings":{"blog_show_tags":true,"blog_show_date":true,"blog_show_comments":true,"blog_show_author":false,"social_sharing_blog":true}},"1498163293234":{"type":"featured-content","settings":{"divider":false}},"1498501481980":{"type":"fading-images","blocks":{"1498501481980-0":{"type":"image","settings":{"image":"","focal_point":"center center","slide_title1":"Beautifully animated","slide_title2":"titles and images"}},"1498501481980-1":{"type":"image","settings":{"image":"","focal_point":"center center","slide_title1":"Use this section","slide_title2":"to impress"}},"1498501481980-2":{"type":"image","settings":{"image":"","focal_point":"center center","slide_title1":"And highlight","slide_title2":"important details"}}},"block_order":["1498501481980-0","1498501481980-1","1498501481980-2"],"settings":{"slide_speed":5,"color_overlay":"#000000","color_overlay_opacity":30}},"blog-template":{"type":"blog-template","settings":{"blog_show_tag_filter":true,"blog_show_rss":false,"blog_show_tags":true,"blog_show_date":true,"blog_show_comments":true,"blog_show_author":false}},"1566999869051":{"type":"featured-collection-switcher","settings":{}},"1499789718857":{"type":"featured-collections","blocks":{"1499789718857-0":{"type":"collection","settings":{"collection":"","size":"wide"}},"1499789718857-1":{"type":"collection","settings":{"collection":"","size":"square-small"}},"1499789718857-2":{"type":"collection","settings":{"collection":"","size":"square-small"}},"1499789718857-3":{"type":"collection","settings":{"collection":"","size":"square-small"}},"1499789718857-4":{"type":"collection","settings":{"collection":"","size":"square-small"}},"1499789718857-5":{"type":"collection","settings":{"collection":"","size":"wide"}}},"block_order":["1499789718857-0","1499789718857-1","1499789718857-2","1499789718857-3","1499789718857-4","1499789718857-5"],"settings":{"title":"","divider":false}},"1499790529450":{"type":"hero-video","settings":{"title":"Bring your\nbrand to life.","title_size":80,"subheading":"Seamless hero videos","link_text":"","link":"","video_url":"https:\/\/www.youtube.com\/watch?v=_9VUPq3SxOc","section_height":"650px"}},"1499790633921":{"type":"background-image-text","settings":{"subtitle":"Impressive","title":"Large image and text","text":"<p>Pair large text with a full-width image to draw attention to an important detail of your brand or product line.<\/p>","button_label":"","button_link":"","image":"","color_border":"#f4f4f4","layout":"left","height":650}},"1499790731541":{"type":"collection-callout","settings":{"collection":"","subtitle":"Brand new","title":"Collection callout","text":"Use this section to easily call attention to one of your collections. We'll show photos of the first 5 products.","cta_text1":"Shop Jackets","cta_link1":"","cta_text2":"Shop All","cta_link2":"","divider":false}},"1499790782828":{"type":"text-columns","blocks":{"1499790782828-0":{"type":"text_block","settings":{"enable_image":true,"image":"","title":"Example title","text":"<p>Use this section to explain a set of product features, to link to a series of pages, or to answer common questions about your products. Add images for emphasis.<\/p>","button_label":"","button_link":""}},"1499790782828-1":{"type":"text_block","settings":{"enable_image":true,"image":"","title":"Example title","text":"<p>Use this section to explain a set of product features, to link to a series of pages, or to answer common questions about your products. Add images for emphasis.<\/p>","button_label":"","button_link":""}},"1499790782828-2":{"type":"text_block","settings":{"enable_image":true,"image":"","title":"Example title","text":"<p>Use this section to explain a set of product features, to link to a series of pages, or to answer common questions about your products. Add images for emphasis.<\/p>","button_label":"","button_link":""}}},"block_order":["1499790782828-0","1499790782828-1","1499790782828-2"],"settings":{"title":"","divider":false}}},"content_for_index":["1499790529450","1566999869051","1498163293234","1499789718857","1498501481980","1499790731541","1499790633921","1499790782828"]}}}